{
  "pedal_method": "continuous",
  "checkpoint": "models/sft_nodes/sft_node_2026-06-07-03-38-14/checkpoint-1000",
  "subsets": {
    "ASAP": {
      "num_samples": 256,
      "num_notes": 131072,
      "distribution_metrics": {
        "velocity_js": 0.2057244012241275,
        "velocity_ia": 0.5995864908205414,
        "duration_js": 0.3489106517752361,
        "duration_ia": 0.430007940270233,
        "ioi_js": 0.03731889905011092,
        "ioi_ia": 0.8714981091951751,
        "pedal_js": 0.47085525103558057,
        "pedal_ia": 0.32574463564880374,
        "overall_js": 0.2657023007712638,
        "overall_ia": 0.5567092939836883
      },
      "fine_grained_metrics": {
        "velocity": {
          "js": 0.20572446532144759,
          "ia": 0.5995864868164062,
          "mae": 10.873575210571289,
          "mse": 182.7275848388672,
          "rmse": 13.517676754489552,
          "pearson": 0.5835679769515991
        },
        "duration": {
          "js": 0.3489107278463599,
          "ia": 0.4300079345703125,
          "mae": 227.08294057272013,
          "mse": 113578.82680549657,
          "rmse": 337.01457951473935,
          "pearson": 0.3399195295944542
        },
        "ioi": {
          "js": 0.037318930252661864,
          "ia": 0.8714981079101562,
          "mae": 52.41016840468,
          "mse": 18869.434562948634,
          "rmse": 137.36606044779995,
          "pearson": 0.7342060564857036
        },
        "pedal": {
          "js": 0.47085530412129556,
          "ia": 0.32574462890625,
          "mae": 39.15624237060547,
          "mse": 2317.687255859375,
          "rmse": 48.142364460622154,
          "pearson": 0.06878779828548431
        },
        "overall": {
          "js": 0.26570235688544125,
          "ia": 0.5567092895507812,
          "mae": 82.38073163964422,
          "mse": 33737.16905228586,
          "rmse": 134.01017029441275,
          "pearson": 0.4316203403293103
        }
      }
    },
    "PianoCoRe-only": {
      "num_samples": 501,
      "num_notes": 252692,
      "distribution_metrics": {
        "velocity_js": 0.35268314499615366,
        "velocity_ia": 0.4176665722362006,
        "duration_js": 0.2835909821344806,
        "duration_ia": 0.4851321027220094,
        "ioi_js": 0.05611078289207785,
        "ioi_ia": 0.8302399776366881,
        "pedal_js": 0.5887341801740774,
        "pedal_ia": 0.22560568580260748,
        "overall_js": 0.3202797725491974,
        "overall_ia": 0.4896610845993764
      },
      "fine_grained_metrics": {
        "velocity": {
          "js": 0.35268320412421306,
          "ia": 0.41766656641286626,
          "mae": 12.453158378601074,
          "mse": 244.06671142578125,
          "rmse": 15.622634586579219,
          "pearson": 0.4816146492958069
        },
        "duration": {
          "js": 0.2835910563132504,
          "ia": 0.48513209757333037,
          "mae": 385.3600060183457,
          "mse": 483890.8985176238,
          "rmse": 695.6226696403904,
          "pearson": 0.1770190499721511
        },
        "ioi": {
          "js": 0.05611082713979632,
          "ia": 0.8302399759390878,
          "mae": 76.62140252268425,
          "mse": 33170.39751617774,
          "rmse": 182.12742109901447,
          "pearson": 0.6919993587286447
        },
        "pedal": {
          "js": 0.5887342137191441,
          "ia": 0.2256056780586643,
          "mae": 51.67659378051758,
          "mse": 3293.09326171875,
          "rmse": 57.3854795372379,
          "pearson": 0.03412436693906784
        },
        "overall": {
          "js": 0.32027982532410093,
          "ia": 0.4896610794959872,
          "mae": 131.52779017503715,
          "mse": 130149.61400173651,
          "rmse": 237.6895512158055,
          "pearson": 0.34618935623391767
        }
      }
    }
  }
}