{
  "pedal_method": "binary",
  "checkpoint": "models/sft_nodes/sft_node_2026-06-07-03-38-14/checkpoint-1000",
  "subsets": {
    "ASAP": {
      "num_samples": 256,
      "num_notes": 131072,
      "distribution_metrics": {
        "velocity_js": 0.2057244012241275,
        "velocity_ia": 0.5995864908205414,
        "duration_js": 0.3489106517752361,
        "duration_ia": 0.430007940270233,
        "ioi_js": 0.03731889905011092,
        "ioi_ia": 0.8714981091951751,
        "pedal_js": 0.2610745715684882,
        "pedal_ia": 0.5060653694426391,
        "overall_js": 0.21325713090449067,
        "overall_ia": 0.6017894774321472
      },
      "fine_grained_metrics": {
        "velocity": {
          "js": 0.20572446532144759,
          "ia": 0.5995864868164062,
          "mae": 10.873575210571289,
          "mse": 182.7275848388672,
          "rmse": 13.517676754489552,
          "pearson": 0.5835679769515991
        },
        "duration": {
          "js": 0.3489107278463599,
          "ia": 0.4300079345703125,
          "mae": 227.08294057272013,
          "mse": 113578.82680549657,
          "rmse": 337.01457951473935,
          "pearson": 0.3399195295944542
        },
        "ioi": {
          "js": 0.037318930252661864,
          "ia": 0.8714981079101562,
          "mae": 52.41016840468,
          "mse": 18869.434562948634,
          "rmse": 137.36606044779995,
          "pearson": 0.7342060564857036
        },
        "pedal": {
          "js": 0.26107457295491715,
          "ia": 0.5060653686523438,
          "mae": 7.0532989501953125,
          "mse": 100.23672485351562,
          "rmse": 10.01182924612259,
          "pearson": 0.04399015358720343
        },
        "overall": {
          "js": 0.21325717409384665,
          "ia": 0.6017894744873047,
          "mae": 74.35499578454169,
          "mse": 33182.8064195344,
          "rmse": 124.47753649078787,
          "pearson": 0.42542092915474006
        }
      }
    },
    "PianoCoRe-only": {
      "num_samples": 501,
      "num_notes": 252692,
      "distribution_metrics": {
        "velocity_js": 0.35268314499615366,
        "velocity_ia": 0.4176665722362006,
        "duration_js": 0.2835909821344806,
        "duration_ia": 0.4851321027220094,
        "ioi_js": 0.05611078289207785,
        "ioi_ia": 0.8302399776366881,
        "pedal_js": 0.04537828447843961,
        "pedal_ia": 0.7960323242622069,
        "overall_js": 0.18444079862528792,
        "overall_ia": 0.6322677442142763
      },
      "fine_grained_metrics": {
        "velocity": {
          "js": 0.35268320412421306,
          "ia": 0.41766656641286626,
          "mae": 12.453158378601074,
          "mse": 244.06671142578125,
          "rmse": 15.622634586579219,
          "pearson": 0.4816146492958069
        },
        "duration": {
          "js": 0.2835910563132504,
          "ia": 0.48513209757333037,
          "mae": 385.3600060183457,
          "mse": 483890.8985176238,
          "rmse": 695.6226696403904,
          "pearson": 0.1770190499721511
        },
        "ioi": {
          "js": 0.05611082713979632,
          "ia": 0.8302399759390878,
          "mae": 76.62140252268425,
          "mse": 33170.39751617774,
          "rmse": 182.12742109901447,
          "pearson": 0.6919993587286447
        },
        "pedal": {
          "js": 0.04537828529927296,
          "ia": 0.7960323239358587,
          "mae": 7.129572760514777,
          "mse": 98.6906352397385,
          "rmse": 9.93431604287575,
          "pearson": 0.07091351860181161
        },
        "overall": {
          "js": 0.18444084321913318,
          "ia": 0.6322677409652857,
          "mae": 120.39103492003646,
          "mse": 129351.01334511676,
          "rmse": 225.82676034221495,
          "pearson": 0.35538664414960364
        }
      }
    }
  }
}