{
  "binary": {
    "evaluation_type": "score_to_performance_generation",
    "pedal_method": "binary",
    "num_notes": 53248,
    "distribution_metrics": {
      "velocity_js": 0.9999998745759652,
      "velocity_ia": 9.999999900000005e-09,
      "duration_js": 0.674193332597679,
      "duration_ia": 0.1622408437141302,
      "ioi_js": 0.32979122988629106,
      "ioi_ia": 0.5231182439515101,
      "pedal_js": 0.5095085781149784,
      "pedal_ia": 0.4267765934652344,
      "overall_js": 0.6283732537937284,
      "overall_ia": 0.27803392278271866
    },
    "fine_grained_metrics": {
      "velocity": {
        "js": 1.0,
        "ia": 0.0,
        "mae": 67.57924751295823,
        "mse": 4858.801760434648,
        "rmse": 69.70510569846837,
        "pearson": 0.0
      },
      "duration": {
        "js": 0.6741934300393392,
        "ia": 0.16224083533653846,
        "mae": 777.4258087722418,
        "mse": 2682390.700446232,
        "rmse": 1637.8005679710311,
        "pearson": 0.058392715480840046
      },
      "ioi": {
        "js": 0.32979130164998277,
        "ia": 0.5231182391826923,
        "mae": 663.460007278343,
        "mse": 2766218.0783860693,
        "rmse": 1663.195141402857,
        "pearson": 0.02196759360124276
      },
      "overall": {
        "js": 0.6283733303884135,
        "ia": 0.2780339167668269,
        "mae": 378.9333763926886,
        "mse": 1363385.7080237851,
        "rmse": 844.8438943638728,
        "pearson": 0.04227511402162318
      },
      "BPedal": {
        "js": 0.509508589864332,
        "ia": 0.4267765925480769,
        "mae": 7.268442007211538,
        "mse": 75.25150240384616,
        "rmse": 8.674762383134548,
        "pearson": 0.08874014700440991
      }
    }
  },
  "continuous": {
    "evaluation_type": "score_to_performance_generation",
    "pedal_method": "continuous",
    "num_notes": 53248,
    "distribution_metrics": {
      "velocity_js": 0.9999998745759652,
      "velocity_ia": 9.999999900000005e-09,
      "duration_js": 0.674193332597679,
      "duration_ia": 0.1622408437141302,
      "ioi_js": 0.32979122988629106,
      "ioi_ia": 0.5231182439515101,
      "pedal_js": 0.2812437253247846,
      "pedal_ia": 0.5391376248009314,
      "overall_js": 0.57130704059618,
      "overall_ia": 0.3061241806166429
    },
    "fine_grained_metrics": {
      "velocity": {
        "js": 1.0,
        "ia": 0.0,
        "mae": 67.57924751295823,
        "mse": 4858.801760434648,
        "rmse": 69.70510569846837,
        "pearson": 0.0
      },
      "duration": {
        "js": 0.6741934300393392,
        "ia": 0.16224083533653846,
        "mae": 777.4258087722418,
        "mse": 2682390.700446232,
        "rmse": 1637.8005679710311,
        "pearson": 0.058392715480840046
      },
      "ioi": {
        "js": 0.32979130164998277,
        "ia": 0.5231182391826923,
        "mae": 663.460007278343,
        "mse": 2766218.0783860693,
        "rmse": 1663.195141402857,
        "pearson": 0.02196759360124276
      },
      "overall": {
        "js": 0.5713071433596644,
        "ia": 0.3061241736778846,
        "mae": 392.0520790183389,
        "mse": 1364864.9336093953,
        "rmse": 862.0274546785843,
        "pearson": 0.03995859122385828
      },
      "CPedal": {
        "js": 0.2812438417493357,
        "ia": 0.5391376201923077,
        "mae": 59.74325250981258,
        "mse": 5992.15384484417,
        "rmse": 77.40900364198063,
        "pearson": 0.07947405581335032
      }
    }
  },
  "subset": "asap",
  "num_samples": 104
}