{
  "evaluation_type": "score_to_performance_generation",
  "pedal_method": "continuous",
  "num_samples": 50,
  "num_notes": 25600,
  "distribution_metrics": {
    "velocity_js": 0.9998480886113928,
    "velocity_ia": 3.9072499609274986e-05,
    "duration_js": 0.5847416070414608,
    "duration_ia": 0.23875000761249998,
    "ioi_js": 0.41060113039116597,
    "ioi_ia": 0.3838281311617187,
    "pedal_js": 0.039027070214641336,
    "pedal_ia": 0.7690039085599609,
    "overall_js": 0.5085544740646653,
    "overall_ia": 0.3479052799584472
  },
  "fine_grained_metrics": {
    "velocity": {
      "js": 0.9998481718233857,
      "ia": 3.90625e-05,
      "mae": 60.22603424257812,
      "mse": 3891.4887632973987,
      "rmse": 62.38179833330712,
      "pearson": 0.1265809438920881
    },
    "duration": {
      "js": 0.5847417129352196,
      "ia": 0.23875,
      "mae": 423.5818591161662,
      "mse": 533332.4183838425,
      "rmse": 730.2961169168589,
      "pearson": 0.15783320507231358
    },
    "ioi": {
      "js": 0.4106011846451948,
      "ia": 0.383828125,
      "mae": 138.15378845706616,
      "mse": 64491.23997118207,
      "rmse": 253.95125510849925,
      "pearson": 0.052197422703390624
    },
    "overall": {
      "js": 0.508554535004185,
      "ia": 0.3479052734375,
      "mae": 170.73786186020263,
      "mse": 152365.21183817423,
      "rmse": 283.659707562765,
      "pearson": 0.10760376260914525
    },
    "CPedal": {
      "js": 0.039027070612939696,
      "ia": 0.76900390625,
      "mae": 60.989765625,
      "mse": 7745.700234375,
      "rmse": 88.00965989239477,
      "pearson": 0.09380347876878872
    }
  }
}