{
  "evaluation_type": "score_to_performance_generation",
  "pedal_method": "binary",
  "num_samples": 50,
  "num_notes": 25600,
  "distribution_metrics": {
    "velocity_js": 0.9998480886113928,
    "velocity_ia": 3.9072499609274986e-05,
    "duration_js": 0.5847416070414608,
    "duration_ia": 0.23875000761249998,
    "ioi_js": 0.41060113039116597,
    "ioi_ia": 0.3838281311617187,
    "pedal_js": 0.4153434387226423,
    "pedal_ia": 0.3437890635499375,
    "overall_js": 0.6026335661916655,
    "overall_ia": 0.24160156870594135
  },
  "fine_grained_metrics": {
    "velocity": {
      "js": 0.9998481718233857,
      "ia": 3.90625e-05,
      "mae": 60.22603424257812,
      "mse": 3891.4887632973987,
      "rmse": 62.38179833330712,
      "pearson": 0.12658094389208815
    },
    "duration": {
      "js": 0.5847417129352196,
      "ia": 0.23875,
      "mae": 423.5818591161662,
      "mse": 533332.4183838426,
      "rmse": 730.296116916859,
      "pearson": 0.15783320507231352
    },
    "ioi": {
      "js": 0.4106011846451948,
      "ia": 0.383828125,
      "mae": 138.15378845706618,
      "mse": 64491.239971182076,
      "rmse": 253.95125510849928,
      "pearson": 0.052197422703390645
    },
    "overall": {
      "js": 0.6026336294759628,
      "ia": 0.24160156249999998,
      "mae": 157.0847075633276,
      "mse": 150443.21573465865,
      "rmse": 263.5565658110674,
      "pearson": 0.12930922850146176
    },
    "BPedal": {
      "js": 0.41534344850005095,
      "ia": 0.34378906249999996,
      "mae": 6.3771484375,
      "mse": 57.7158203125,
      "rmse": 7.597092885604335,
      "pearson": 0.18062534233805472
    }
  }
}